DOT crypto,BUSD crypto,DOGE crypto,XRP crypto,USDC crypto,ADA crypto,BNB crypto,USDT crypto,ETH crypto,BTC crypto
0.7885100883866422,9.995108772250447,54.87472282687425,17.009062035100843,9.994267022787811,8.448101108300131,0.033059983559358325,9.993796827395558,0.005275507756212263,0.0003144969560317995
