BTC crypto,ETH crypto,USDT crypto,BNB crypto,ADA crypto,USDC crypto,XRP crypto,DOGE crypto,BUSD crypto,DOT crypto
31796.810138247813,1895.5521368013024,1.00062070229279,302.4804892006454,1.18369795434564,1.00057362658003,0.58792189594955,0.18223326670003,1.00048936213312,12.68214591960496
