DOT crypto,BUSD crypto,DOGE crypto,XRP crypto,USDC crypto,ADA crypto,BNB crypto,USDT crypto,ETH crypto,BTC crypto
0.91845726605786,14.400606163526907,46.97316845055923,16.03918097285069,11.519899850726885,7.062138210513828,0.03037507464653311,9.952004749049195,0.0044003546819934135,0.0002698818005076596
